/*
Navicat MySQL Data Transfer

Source Server         : loc
Source Server Version : 50051
Source Host           : 127.0.0.1:3306
Source Database       : gwwz

Target Server Type    : MYSQL
Target Server Version : 50051
File Encoding         : 65001

Date: 2015-05-14 17:54:22
*/

SET FOREIGN_KEY_CHECKS=0;

-- ----------------------------
-- Table structure for bulletin
-- ----------------------------
DROP TABLE IF EXISTS `bulletin`;
CREATE TABLE `bulletin` (
  `id` int(11) NOT NULL auto_increment,
  `title` longtext,
  `content` longtext,
  `userId` int(11) default NULL,
  `createTime` longtext,
  PRIMARY KEY  (`id`)
) ENGINE=InnoDB AUTO_INCREMENT=47 DEFAULT CHARSET=utf8;

-- ----------------------------
-- Records of bulletin
-- ----------------------------
INSERT INTO `bulletin` VALUES ('5', '2购物网站简介', '休闲博览会，以“一个主题、两大盛会、三个园区、四大板块”的姿态，喜迎八方来客。以“休闲——提升生活品质”为主题，与中国杭州西湖国际博览会同办，以杭州为主会场，杭州萧山区湘湖、滨江区白马湖、淳安县千岛湖为三大主园区，安排了休闲展示、休闲论坛、休闲活动和休闲体验四大板块项目，设立海宁、上虞、诸暨、德清、安吉、武义等10个分会场。', '1', '2014-4-4 20:00:00');
INSERT INTO `bulletin` VALUES ('6', '3购物网站万人团购空调“超速度”：6小时狂销4300台', '开团10分钟，火速销出1223台空调，引来60万人次的访问……6月1日上午10点，西博商城电器城联合西博团购聚划算平台发起的“空调玩定制、万人大团购”在众人期待下正式开团，大部分消费者们在团购前已经摩拳擦掌，截至下午4时，空调总销量已经达到4300台。\r\n据线下某知名家电连锁卖场的门店负责人透露，线下大卖场的单店一天销售的空调平均数量为150台左右，最好的门店日销数量也差不多就400台左右。也就是说，聚划算6小时，卖出了线下一个大卖场10天的量，相当于线下卖场速度的28倍。\r\n6月1日，是全国空调补贴正式取消的期限，线下空调的涨价呼声一浪高过一浪。不过，西博用户显然找到了更好的“避暑”方法。\r\n \r\n“定制款空调，价格竟然这么给力”\r\n    6月1日上午，打开西博聚划算的网友小王几乎不相信自己的眼睛。“定制空调，价格竟然可以这么给力！”尽管已被告知此次活动采取“人越多越划算”的模式进行团购，但在定制款及价格公布之前，不少消费者仍然将信将疑。在消费者的既定印象中，“定制”从某种程度而言就是高价格的代名词。\r\n而随着出售台数的上涨，消费者可以返还的金额也越来越多。“我早早拍下了这款空调，看着买的人逐渐增多，非常激动，也很好玩。我的选择是正确的。”网友“one棵菜”买的是1P“萌时代”外观空调。截至四点，空调团购数额已经达到4300余台，并且这一数额仍然在持续上升。\r\n“什么是性价比？性价比就是以批发的价格，享受定制的待遇。”一位网友的话，道出了定制式团购的魅力所在。\r\n    而西博团购聚划算平台总监慧空认为，“规模化，是其中的关键所在。西博网有海量用户，将消费者的想法、意愿和需求聚合起来，通过团的越多越便宜的方式，一方面激励消费者购买，另一方面，以规模化来和企业、供应商讲价格。”\r\n \r\n6天时间，60万消费者共同定制两款空调\r\n和平时的团购不同，此次聚划算团购的两款空调，是数万名西博网友，在6天时间内以选票的形式“公投”出的定制款空调，定制范围细化到外观、功能、功率等各方面，最后以这一民意结果与奥克斯厂商实际生产承受度相结合，所敲定的最终结果。\r\n从产品页面上来看，这两款空调有1.5P、1P两个功率适用于不同面积的房间，每款空调，都有投票人气最高的两种面板可以选择。而在功能方面，内外静双音、瞬间制冷制热、干燥防霉净芯等消费者更希望的功能在这两款空调中得到实现和加强。\r\n“对于此次接到的定单，奥克斯马上进行产品生产，并在6月份内完成配送安装。”奥克斯家用空调国内营销总经理金杰告诉记者，“奥克斯有强大的研发能力，足够的原材料储备数量及生产、物流、安装等一系列后续服务。”奥克斯方面显然已经作好了充分准备，等待这一批定制订单的生成。\r\n而此次活动的运输将由西博物流宝支持，配送范围覆盖了全国15个省及直辖市。\r\n \r\n大家电行业新课题：用户定制化生产\r\n \r\n而对于大家电行业的业内人士而言，此次空调团购更像是一次信号：面对如今的空调市场，厂家发起的价格战正在逐渐转向了以消费者为驱动的需求细分战。\r\n大家电触网已经不是什么稀奇事。成立于2010年年初的西博商城电器城，是西博网打造的第一个行业垂直市场，同年年底单日最高销售额已超过1亿元。国内外不少家电品牌通过西博，与网购消费群体实现对接，开拓了一个新的市场。\r\n据某家电行业内资深人士透露，按照业内的平均水平，从空调的原材料采购到真正进入终端进行销售，至少要有一年的时间周期。而此次聚划算定制空调活动，对于合作厂商的综合实力，无疑提出了高到苛刻的要求。轻量级、伸缩性很强的供应商快速反应部队，随时响应规模个性化的消费需求，已经成为大家电品牌在新网购时代的一个全新课题。\r\n“当网购成为一个不可忽视社会主流消费力量，谁也无法忽略这一新兴领域带来的机会和挑战。从某种意义上说，传统线下品牌如今在线上渠道的行动和效果，决定了其未来。” 金杰这样告诉记者。\r\n\r\n', '1', '2014-4-4 20:00:00');
INSERT INTO `bulletin` VALUES ('7', '网购拼质量更要拼服务', '  随着网购市场的竞争日益激烈，对顾客的服务将决定网店的存亡。因为网络世界里好名声和坏名声都传播得很快，稍有不慎，就会被口水淹死。今年以来，越来越多的网店把服务放在第一位，对从前的样子进行了大刀破斧的改革，于是乎，作为消费者的我们看到种种不可思议的新服务。毫不夸张地说，网购市场已经进入了一个“服务为王”的时代。\r\n \r\n　　闪电发货\r\n　　去年在团购网站买过东西的消费者大多有过痛苦的体验，常常苦等一周也等不来货。而在今年，这种情况已经有所改观。记者发现，商家为了提高竞争力，推出了“闪电发货”这项服务，即卖家承诺在24小时内将货物发出，让消费者可以尽快收到自己拍下的宝贝。除了西博聚划算，京东商家的发货速度也属业内翘首。如果选择同城有货，往往不到24小时就能收到。\r\n　　买家少颜表示，她最受不了每天都在等货的感觉，现在在网上买东西，首选肯定是发货快的网店。她告诉记者最神速的一次网购是这个月初在聚划算的一家同城网店买的睡衣，上午9点付款，下午3点多就到货了。\r\n \r\n　　贴心赠品\r\n　　“买满多少送**”这种营销策略在线下商家屡见不鲜。如今，线上网店们为了增加竞争力，也效仿实体商家，玩转各种赠品花样。记者调查了身边数十个人，发现大多有收到过赠品的经验，有些还十分搞笑。资深网购达人陈小姐告诉记者自己曾经在买衣服的时候收到过彩票和种子，卖家送赠品也没什么消费限额，只要买就有送，评价里显示还真有不少人冲着赠品去的。而前年刚刚荣升为妈妈的小蝉表示曾经在帮宝宝买奶瓶时获赠一节小袋鼠早教中心的亲子体验课，感觉很超值。\r\n　　对此，一些网店经营者表示，如今网购选择越来越多，上网购物的消费者越来越能砍价，可是网店里销售的商品比实体店便宜许多，因此利润空间相应也就微乎其微，为了尽量留住顾客，他们就选择用赠送礼品的方式“补偿”顾客的议价心理。\r\n \r\n　　卖家亲身上阵\r\n　　卖衣服的网店通常会用漂亮的麻豆展示衣服，再加上过硬的PS技术，再普通的衣服也能瞬间化腐朽为神奇。为了还原衣服真相，有卖家不惜真身上阵。有堂堂七尺男儿穿上女装、展示女装的帅哥掌柜，成为了一众网友“围观”的对象；有身材圆胖却又自信满满地展示各种大码衣服的胖妞，彻底颠覆了众人以往的审美标准……这些掌柜如此真实又另类的商品展示，在娱乐了大众的同时，也带火了自己店铺的生意。\r\n　　记者通过旺旺联系到比女孩还要娇媚的“男生掌柜”，他告诉记者，自己穿女装就是要纯粹地展示衣服本身，再说女装男穿也比较有话题性，能提升小店的关注度。店主真身上阵的图片一开始确实引起了不少网友嘲讽，后来网友却被他的自信和乐观所打动。如今，小店生意红火，不少卖家也受此鼓励，纷纷真身上阵。\r\n \r\n　　无理由退还\r\n　　网购因为虚拟交易，消费者最怕实物与图片相差太多，质量大打折扣。因此，很早的时候，大多网站有了“7天退货”的规定，当然也是有理由的退货，比如质量问题、尺寸不对等，如果因为看到实物不喜欢而退货，大多网店还无法做到。再晚点，服务质量继续提升，有些网店可以做到7天无理由退货，无论什么原因，只要你不想要了，收到货后的7天内可以自由退还。\r\n　　对于食品、服装、数码产品等领域，这个规定显然已经足够了，但对于化妆品而言，7天的时间还不足以看到效果。“西博美妆”的一个店家承诺“30天试用，用过后还支持30天无理由退换货！”这是连电子商务已经十分发达的欧美国家的网站都尚且不能提供的服务标准。\r\n　　这位卖家表示：敢于承诺这个服务的关键是在售前与消费者进行充分的沟通和专业的推荐。在承担了更多责任、在选择了信任顾客的同时，其实顾客也会给予你同样的信任与回报。虽然30天内都可以无理由退货，但自服务推出后，却只有5个买家退货，退款率低于千分之五，而服务的口碑也上去了。\r\n　　当你允许顾客“无理由”的时候，往往会发现其实他们会更加讲道理。消费者保障服务虽然看似是冷冰冰的规定与条款，但在背后，却有着无限温暖的沟通与信任感。\r\n\r\n', '1', '2014-4-4 20:00:00');
INSERT INTO `bulletin` VALUES ('8', ' 开网店可申请贷款：不要担保、抵押，只要信用够格', ' 试客早已不是网络上的新鲜词汇，但和最近网上出现的一场“试用”活动相比，过往试客们所试用的商品则显得“小儿科”了，因为这场活动提供试用的物品是“钱”。\r\n \r\n    最近，西博网的试用频道出现了一款特殊的“试用物品”——贷款。西博贷款旗下的西博信用贷款、西博信用贷款（原西博商城信用贷款）携手发起贷款试用活动，总计2000个名额，最高额度100万元。本次活动总计试用资金高达2000万元。活动上线第一天，已经有超过800位西博、西博上的卖家申请该贷款。\r\n \r\n在网上试用贷款，这可行么？怎么操作呢？\r\n\r\n    申请试用的西博、西博卖家显然比旁观者更清楚信用贷款的底细。“我在西博上的网店是做大家具的，厂家是提款发货，而且货物标的也比小商品高，单子多的时候我的资金压力就非常大”，网友“周桂花200596”在西博上开了“汉城家私”的网店，资金并不宽裕的她常被备货的资金所困扰，这次也申请了贷款试用。没有贷款经验的她申请前也对西博信用贷款做足了功课，“西博贷款的信用贷款是针对西博的卖家的，是靠卖家在网上的信用申请的，不是任何人都能申请的”。\r\n\r\n    靠信用申请——这其实也是西博贷款旗下信用贷款的最大特质。无论是西博信用贷款还是西博信用贷款，其都是以卖家在西博网或西博网上的网络行为数据做一个综合的授信评分，卖家纯凭信用拿贷款，无需抵押物，无需担保人。而且其申请、获贷、支用的整套流程都是在线上完成，卖家在自己店铺的管理后台即可对应进行贷款的相关管理。据悉， 2010年投入运营的西博信用贷款以及2011年运营的西博信用贷款，已经为超过30000家的网上卖家解决了融资需求。\r\n\r\n    西博贷款工作人员介绍，这其实并不是西博贷款第一次采用电子商务特有的营销手段发放贷款，去年西博信用贷款曾经登录团购平台聚划算，用团购的形式发放贷款。500位西博卖家分享总额约3000万的西博信用贷款。\r\n\r\n    “正因为西博信用贷款新颖的线上申请模式，以及放贷技术，才能让其在电子商务平台上使用‘试用’这么新鲜的贷款形式。”金融信用专家管晓永教授认为，西博贷款的信用贷款产品其实是新型微贷技术在西博、西博等电商平台上的卖家群体中的成功应用，“正像西博信用贷款所体现的那样，这种新型微带技术不依赖抵押、担保，而是看重企业的信用，同时，通过数据的运算来评核企业的信用，不仅降低了申请贷款的门槛，也极大简化了申请贷款的流程，使其有了完全在互联网上作业的可能性。”\r\n\r\n', '1', '2014-4-4 20:00:00');
INSERT INTO `bulletin` VALUES ('9', '8网店刮起“林君”风 小店一天赚2千元', '热映，陈数饰演的职场女性林君人气飙升，她所穿过的时尚女装则让网络商家嗅到商机。\r\n\r\n　　不少网店推出的“林君OL式样的小西服”热卖，陈数俨然成了“摇钱树”。\r\n\r\n　　网店沾了“林君”的光\r\n\r\n　　“陈数的吊带裙子”、“林君OL式样的小西服”……随着电视剧《夫妻那些事》热播，女主角戏中穿着的时尚女装成为网店的“揽客招牌”。东亚记者昨日登陆西博网，在搜索栏中输入“林君同款”，检索到2967件宝贝。\r\n\r\n　　据河南一家网店店主何先生介绍，如今，时尚潮流是年轻人追逐的目标，不少潮男潮女们对演员服饰乐于模仿。当《夫妻那些事》播出后，他所负责的网店便择优选择两款服饰上架预售。其中一款是黑白条纹的打底衫，一款是“林君同款”OL式样白色小西服。目前来看，市场反响较好。\r\n\r\n　　他介绍，目前他共掌管4家西博店铺，总的来看，两款服饰平均一天销量近300件。按照每件利润30元计算，平均一家西博小店每天的净利润超2000元。目前，何先生正在积极与厂家洽谈，按照林君戏中穿着的十几款戏服进行设计。3天左右就会陆续上架销售。\r\n\r\n　　与之类似，杭州店主李先生也同样沾了“林君”的光。\r\n\r\n　　李先生说，店内一款贴有“林君同款”标签的蓝色衬衫最近受到消费者青睐。此前这款衬衫是厂家设计的，朋友一句与林君戏服类似的玩笑话让他如梦初醒。于是，他在网店打出“林君同款”标签后，衬衫的销量一路上扬。\r\n\r\n　　“最多的时候一天能卖上百件，平均来看，也能卖80件左右。”他说，由于产品单一，如此的销量在同级别店家中尚处中等水平，每天的利润在1600元左右。“好一点的店铺怎么也超过2000元了。”他说。\r\n\r\n　　“与明星同款”成卖点\r\n\r\n　　事实上，明星同款饰品热卖已不是个例。\r\n\r\n　　《奋斗》里，夏琳佩戴的白色珠子手链、《男人帮》里的休闲家居服、《泡沫之夏》里的绿丝带等等至今仍在网络上热销……\r\n\r\n　　经营网店多年的小陈告诉东亚记者，明星效应在服装、饰品上向来都有较好的宣传效果。部分网店客服除了每日工作外，还要腾出更多的时间来看热播剧。一般，在影视剧未播先火的时候，有些网店已经根据剧照开始收集物件，并且联系到独立经营的服装店制作，与影视剧的火热进度赛跑。“要跟上潮流步伐，这样才能抓住商机啊。”他说。\r\n\r\n　　对此，吉林大学经济管理学院副教授丁肇勇分析，随着生活水平提高，部分年轻人乐于模仿明星穿衣打扮，这便有了市场需求；对商家而言，按照角色定制服饰可短期内生产消费者喜欢的时尚单品，这便有了供给。有供有需便形成市场。\r\n', '1', '2014-4-4 20:00:00');
INSERT INTO `bulletin` VALUES ('10', '48购物网站简介', '休闲博览会，以“一个主题、两大盛会、三个园区、四大板块”的姿态，喜迎八方来客。以“休闲——提升生活品质”为主题，与中国杭州西湖国际博览会同办，以杭州为主会场，杭州萧山区湘湖、滨江区白马湖、淳安县千岛湖为三大主园区，安排了休闲展示、休闲论坛、休闲活动和休闲体验四大板块项目，设立海宁、上虞、诸暨、德清、安吉、武义等10个分会场。', '1', '2014-4-4 20:00:00');
INSERT INTO `bulletin` VALUES ('19', '最新公告购物网站开通了', '最新公告购物网站开通了，最新的测试通过上线了', '1', '2014-4-4 20:00:00');
INSERT INTO `bulletin` VALUES ('20', 'u2购物网站简介', '休闲博览会，以“一个主题、两大盛会、三个园区、四大板块”的姿态，喜迎八方来客。以“休闲——提升生活品质”为主题，与中国杭州西湖国际博览会同办，以杭州为主会场，杭州萧山区湘湖、滨江区白马湖、淳安县千岛湖为三大主园区，安排了休闲展示、休闲论坛、休闲活动和休闲体验四大板块项目，设立海宁、上虞、诸暨、德清、安吉、武义等10个分会场。', '1', '2014-4-4 20:00:00');
INSERT INTO `bulletin` VALUES ('29', 'i购物网站简介', '休闲博览会，以“一个主题、两大盛会、三个园区、四大板块”的姿态，喜迎八方来客。以“休闲——提升生活品质”为主题，与中国杭州西湖国际博览会同办，以杭州为主会场，杭州萧山区湘湖、滨江区白马湖、淳安县千岛湖为三大主园区，安排了休闲展示、休闲论坛、休闲活动和休闲体验四大板块项目，设立海宁、上虞、诸暨、德清、安吉、武义等10个分会场。', '1', '2014-4-4 20:00:00');
INSERT INTO `bulletin` VALUES ('30', 'p777最新公告购物网站开通了', '最新公告购物网站开通了，最新的测试通过上线了', '1', '2014-4-4 20:00:00');
INSERT INTO `bulletin` VALUES ('41', '77748购物网站简介', '休闲博览会，以“一个主题、两大盛会、三个园区、四大板块”的姿态，喜迎八方来客。以“休闲——提升生活品质”为主题，与中国杭州西湖国际博览会同办，以杭州为主会场，杭州萧山区湘湖、滨江区白马湖、淳安县千岛湖为三大主园区，安排了休闲展示、休闲论坛、休闲活动和休闲体验四大板块项目，设立海宁、上虞、诸暨、德清、安吉、武义等10个分会场。', '1', '2014-4-4 20:00:00');
INSERT INTO `bulletin` VALUES ('42', '9999最新公告购物网站开通了', '最新公告购物网站开通了，最新的测试通过上线了', '1', '2014-4-4 20:00:00');
INSERT INTO `bulletin` VALUES ('43', '8888u2购物网站简介', '休闲博览会，以“一个主题、两大盛会、三个园区、四大板块”的姿态，喜迎八方来客。以“休闲——提升生活品质”为主题，与中国杭州西湖国际博览会同办，以杭州为主会场，杭州萧山区湘湖、滨江区白马湖、淳安县千岛湖为三大主园区，安排了休闲展示、休闲论坛、休闲活动和休闲体验四大板块项目，设立海宁、上虞、诸暨、德清、安吉、武义等10个分会场。', '1', '2014-4-4 20:00:00');
INSERT INTO `bulletin` VALUES ('44', 'i8888购物网站简介', '休闲博览会，以“一个主题、两大盛会、三个园区、四大板块”的姿态，喜迎八方来客。以“休闲——提升生活品质”为主题，与中国杭州西湖国际博览会同办，以杭州为主会场，杭州萧山区湘湖、滨江区白马湖、淳安县千岛湖为三大主园区，安排了休闲展示、休闲论坛、休闲活动和休闲体验四大板块项目，设立海宁、上虞、诸暨、德清、安吉、武义等10个分会场。', '1', '2014-4-4 20:00:00');
INSERT INTO `bulletin` VALUES ('45', 'pjjj最新公告购物网站开通了', '最新公告购物网站开通了，最新的测试通过上线了', '1', '2014-4-4 20:00:00');
INSERT INTO `bulletin` VALUES ('46', '11111111', '1111', '1', '2014-01-27 20:15:16');

-- ----------------------------
-- Table structure for customerdetailinfo
-- ----------------------------
DROP TABLE IF EXISTS `customerdetailinfo`;
CREATE TABLE `customerdetailinfo` (
  `customerId` int(11) NOT NULL,
  `name` longtext,
  `telphone` longtext,
  `movePhone` longtext,
  `address` longtext,
  PRIMARY KEY  (`customerId`)
) ENGINE=InnoDB DEFAULT CHARSET=utf8;

-- ----------------------------
-- Records of customerdetailinfo
-- ----------------------------
INSERT INTO `customerdetailinfo` VALUES ('1', '5454', '545454', '5454', '4444444');
INSERT INTO `customerdetailinfo` VALUES ('2', '小张', '13188889999', '6768855', '北京东路');
INSERT INTO `customerdetailinfo` VALUES ('3', '', '无', '无', '');
INSERT INTO `customerdetailinfo` VALUES ('4', '888', '88', '88', '8888');
INSERT INTO `customerdetailinfo` VALUES ('5', '日', '5555', '5555', '5555');
INSERT INTO `customerdetailinfo` VALUES ('6', '张天', '0109988776', '13155556666', '北京四川路1号');

-- ----------------------------
-- Table structure for customerinfo
-- ----------------------------
DROP TABLE IF EXISTS `customerinfo`;
CREATE TABLE `customerinfo` (
  `id` int(11) NOT NULL auto_increment,
  `email` longtext,
  `pwd` longtext,
  `registerTime` longtext,
  `isCooled` int(11) default NULL,
  `question` longtext,
  `answer` longtext,
  PRIMARY KEY  (`id`)
) ENGINE=InnoDB AUTO_INCREMENT=7 DEFAULT CHARSET=utf8;

-- ----------------------------
-- Records of customerinfo
-- ----------------------------
INSERT INTO `customerinfo` VALUES ('1', 'fdsafsd@sfdsf.com', '123456', '2014-4-3 20:00:00', '1', null, null);
INSERT INTO `customerinfo` VALUES ('2', '123456@163.com', '123456', '2014-4-3 20:00:00', '0', null, null);
INSERT INTO `customerinfo` VALUES ('3', '111545454111@sf.com', '4444444', '2014-4-3 20:00:00', '0', null, null);
INSERT INTO `customerinfo` VALUES ('4', '8888888@163.com', '123456', '2014-4-3 20:00:00', '0', '111', '111');
INSERT INTO `customerinfo` VALUES ('5', 'qwerty@163.com', '123456', '2014-4-3 20:00:00', '0', '111', '111');
INSERT INTO `customerinfo` VALUES ('6', '777@qq.com', '123456', '2014-01-27 20:11:16', '0', '111', '222');

-- ----------------------------
-- Table structure for goodsinfo
-- ----------------------------
DROP TABLE IF EXISTS `goodsinfo`;
CREATE TABLE `goodsinfo` (
  `goodsId` int(11) NOT NULL auto_increment,
  `typeDetailInfo` longtext,
  `goodsName` longtext,
  `price` decimal(28,0) default NULL,
  `discount` double default NULL,
  `isNew` int(11) default NULL,
  `isRecommend` int(11) default NULL,
  `status` int(11) default NULL,
  `photo` longtext,
  `remark` longtext,
  `countRequire` int(11) default NULL,
  `createdate` longtext,
  `userid` longtext,
  `isCooled` int(11) default NULL,
  PRIMARY KEY  (`goodsId`)
) ENGINE=InnoDB AUTO_INCREMENT=149 DEFAULT CHARSET=utf8;

-- ----------------------------
-- Records of goodsinfo
-- ----------------------------
INSERT INTO `goodsinfo` VALUES ('1', '36', '1', '1', '1', '1', '1', '1', '1', '1', '1', '2014-4-2 20:00:00', '1', '1');
INSERT INTO `goodsinfo` VALUES ('80', '26', '稀土夜光晶晶手机链', '15', '9', '0', '0', '0', 'upload/1332585858750.jpg', '产品规格：单件尺寸26x30x11mm，两种颜色配两种造型交叉组合，挂在一个手机绳上\r\n材质:稀土长效夜光粉\r\nPVC执行标准: Q/SEHN 39-2011\r\n产品设计说明：使用中国独有战略资源稀土材料，打造独一无二的休博会吉祥物晶晶形象。作为在世博会、西园会上享誉已久的夜光系列产品，广受消费者青睐，两种活泼可爱的晶晶形象，结合白天吸收光能，夜晚发光的环保健康稀土材料，让吉祥物造型更具实用装饰价值。', '50', '2014-4-2 20:00:00', null, '0');
INSERT INTO `goodsinfo` VALUES ('81', '28', '35cm毛绒晶晶', '50', '9', '1', '1', '0', 'upload/1332585843140.jpg', '产品简介：超可爱的毛绒吉祥物玩具，用料考究、做工精细、超柔的面料及优质的填充物，使你抱在怀中的感觉超好。\r\n产品规格：35cm\r\n产品材质:超柔短毛绒\r\n产品工艺：车缝，电绣。', '20', '2014-4-2 20:00:00', null, '0');
INSERT INTO `goodsinfo` VALUES ('91', '29', '经典世界好茶（盒装）', '180', '9', '0', '0', '0', 'upload/1332585938343.jpg', '产品简介：中国和世界其他各产茶国遍布着众多优良茶园，所产之茶种类丰富、品质高尚，千姿百态的中国六大茶类、风情万种的世界红茶、细致精巧的日本名茶、风味独特的非洲如意茶…… 依托嘉盛研茶园先进的技术手段、丰富的业界经验以及对于世界好茶的高度认知和热爱，精选部分经典好茶，引领爱好茶的人们探寻和品尝来自全世界的各具情味、风格奇异的高品位好茶叶，“好茶，好生活。” 85银色园罐，选用进口特级镀锡铁，表面特殊细磨砂处理，深拉密封，罐贴风格简洁大方，尽显经典闲雅。\r\n休博世界经典好茶（单件）：清凉世界绿茶、龙井茶、铁观音、大红袍、云南普洱、印度大吉岭红茶、白牡丹、非洲天然如意茶、88°香绿茶、日式荞麦与绿茶\r\n产品规格:（长）26×（宽）26×（高）6cm(任选4款/盒)\r\n产品工艺流程和工艺水平：本产品委托嘉盛茶业生产，选料上乘，加工设备和工艺国内一流，通过原料验收--（切碎）--选别（筛分、风选、静电选别）--人工拣杂--远红外复火（提香）--匀堆（拼配混合）--拣重金属（强力磁铁、金属探测器）--内包装--外包装--塑封打包--仓储/发货。科学检测，绿色环保，安全，安心。\r\n\r\n\r\n\r\n\r\n企业简介\r\n    浙江老茶缘茶庄成立于2003 年10 月，是中国国际茶文化研究会下属全资集体企业。与杭州嘉盛茶叶有限公司联手成立“TeaFinder研茶园世界之茶营销中心”实现“研茶园”系列产品渠道销售额200万元；公司采取谨慎稳进的经营策略，在多年连续投资铺点的情况下，依靠节约成本、精打细算和股东融资，保持了健康良好的财务状况，净利润率维持20%左右，资产负债率一直低于40%。', '10', '2014-4-2 20:00:00', null, '0');
INSERT INTO `goodsinfo` VALUES ('92', '31', '99”炭雕挂件', '99', '10', '0', '0', '0', 'upload/1332586024968.jpg', '产品简介：利用木炭、竹炭、各种果壳和优质煤等作为原料，通过物理和化学方法对原料进行破碎、过筛、催化剂活化、漂洗、烘干和筛选等一系列工序加工制造而成。它具有物理吸附和化学吸附的双重特性，可以有选择的吸附气相、液相中的各种物质，以达到脱色精制、消毒除臭和去污提纯等目的。上面做有休博会LOGO和字样的凹凸工艺。\r\n产品材质：椰子壳活性碳\r\n产品规格：6*6cm\r\n产品包装：纸质精装加手拎袋\r\n产品工艺流程和工艺水平：利用木炭、竹炭、各种果壳和优质煤等作为原料，通过物理和化学方法对原料进行破碎、过筛、催化剂活化、漂洗、烘干和筛选等一系列工序加工制造而成。它具有物理吸附和化学吸附的双重特性，可以有选择的吸附气相、液相中的各种物质，以达到脱色精制、消毒除臭和去污提纯等目的。上面做有休博会LOGO和字样的凹凸工艺。\r\n \r\n\r\n企业简介\r\n    浙江电通是一家集开发、策划、设计、生产、销售为一体专业公司，以生产金银制品商务礼品为主。公司引进国内先进设备(200T,300T,500T,1000T,2000T,2500T)大小冲床机数台，数控车铣床，高精度液压机与六色全自动移印机，产品质量及制作工艺以达到国内外同类产品先进水平。 专业生产纯金纯银制品：纯金、纯银、彩印金、银纪念章、纯银纪念盘等一系列纯银产品及铜质纪念章、奖章、胸章等高档产品。适合于各种商务、会务、广告礼品，摆设品，装饰品，会议庆典赠品，树立公司形象推广，各种促销纪念品，重大庆典活动的首选纪念品和馈赠亲朋', '9', '2014-4-2 20:00:00', null, '0');
INSERT INTO `goodsinfo` VALUES ('93', '29', '988芬芳花草茶', '100', '5', '0', '0', '0', 'upload/1332586082265.jpg', '产品简介：休博芬芳花茶汇集杭州及世界各地医食同源的优质保健花、草、果、瓜、种，或单品、或组合、或与茶叶配制，花草色泽鲜活，自然健康，寓意美好，养眼养心；德国进口果粒茶梦幻般的浪漫色彩悄然绽放；欧洲果花香茶诱人而丰富的滋味沁人心扉；新颖的天然风味茶，清新的、略带苦涩的、甘甜的，原汁原味，功效丰富…… 一路有她相伴，带着怡人的气息、美妙的滋味，处处跟随您的生活与心情，“休闲茶，休闲时光。”时尚纸罐采用特种环保纸料，牙白大外筒专色烫金字体，全彩修长内筒，带休博会、西博会logo的透明名条颜色鲜艳，彰显时尚休闲。\r\n休博芬芳花茶（单件）：薰衣草、桃花、芙蓉桂雨、卡米罗花草茶、亭亭玉立、玄米茶\r\n产品规格：40*9*15cm\r\n产品工艺流程和工艺水平：本产品委托嘉盛茶业生产，选料上乘，加工设备和工艺国内一流，通过原料验收--（切碎）--选别（筛分、风选、静电选别）--人工拣 杂--远红外复火（提香）--匀堆（拼配混合）--拣重金属（强力磁铁、金属探测器）--内包装--外包装--塑封打包--仓储/发货。科学检测，绿色环保，安全，安心。', '5', '2014-4-2 20:00:00', null, '0');
INSERT INTO `goodsinfo` VALUES ('94', '28', '杭州三潭印月U盘', '99', '9', '1', '1', '0', 'upload/1332586135593.jpg', '产品简介：三潭印月是杭州旅游形象的代名词之一， U盘采用锌合金材质，在取材上做到简易、轻便富有现代感，中间U盘感应区设计为带光，与旅游景点的遥相呼应，很应情应景，同时对于开模要求很高，我公司有同模具的产品对于表面的光感度和精细度都能做到很好的效果\r\n产品材质：锌合金\r\n产品规格：3*6*0.8cm\r\n内存:4G\r\n产品包装：纸质精装+手拎袋，辅件为2011年杭州国际休闲博览会标识牌产品设计效果图\r\n产品工艺流程和工艺水平： U盘采用锌合金材质，在取材上做到简易、轻便富有现代感，中间U盘感应区设计为带光，与旅游景点的遥相呼应，很应情应景，同时对于开模要求很高，我公司有同模具的产品对于表面的光感度和精细度都能做到很好的效果。 ', '9', '2014-4-2 20:00:00', null, '0');
INSERT INTO `goodsinfo` VALUES ('95', '26', '“三潭印月”艺术花篮', '99', '9', '1', '1', '0', 'upload/1332586331140.jpg', '产品简介：“三潭印月”艺术花篮 充分展示了杭州这个花园城市的风貌，花篮提手上嵌有杭州市花桂花，花篮中有宝俶山、断桥、西湖，湖中有三潭映月造型。\r\n产品材质：琉璃\r\n产品规格：13×9×9.5cm 包装尺寸：20.5×18×11.2cm\r\n产品工艺：1）雕塑原形；2）上硅胶膜；3）外层套石膏模加强固定；4）在硅胶膜中浇入树脂，凝固后取出；5）再上硅胶膜，重复步骤；6）制作蜡形；7）修蜡；8）翻制耐火石膏模；9）脱蜡；10）烧制；11）拆除耐火石膏模；12）研磨修正；13）检验作品有无断裂。', '9', '2014-4-2 20:00:00', null, '0');
INSERT INTO `goodsinfo` VALUES ('96', '26', '“西湖十景”彩色手帕纸', '50', '5', '1', '1', '0', 'upload/1332586373406.jpg', '产品介绍：产品原料选用100%纯木浆纸张，使用纯植物可食用级水性墨，安全、无尘、环保，商品可以通过美国的FDA认证及欧洲重金属含量测试EN71，所有商品可放心直接与皮肤接触和使用。杭州作为旅游名城，以杭州著名景点、建筑、旅游资源、展会、特产等等杭州市代表性作为基础而设计的“M+城市名片”系列彩色纸巾，适合旅游纪念品、馈赠礼品；该系列产品图案设计赏心悦目，包装精美，适应消费者赠送的心理目的。尤其是在西湖成功申遗的今天，世界各地的游客幕名前来杭州，能带上一款具有杭州特色的餐巾纸产品用以特别的旅游手信再好不过了。\r\n规格：210mmX210mm，一箱为48条，每条为10包，每包约24克\r\n品牌：M+\r\n型号：210\r\n餐巾纸单包规格：10片\r\n餐巾纸厚度：3层\r\n纸品是否印花：印花\r\n是否含香味：无香', '5', '2014-4-2 20:00:00', null, '0');
INSERT INTO `goodsinfo` VALUES ('98', '31', 'kk保温杯', '55', '5', '1', '1', '0', 'upload/1332592625265.jpg', '产品简介：时尚个性、轻巧灵便、密闭性好，款式多样。\r\n产品规格：500ml\r\n工艺描述：时尚个性、轻巧灵便、密闭性好，款式多样，不锈钢，烤漆。\r\n ', '5', '2014-4-2 20:00:00', '1', '1');
INSERT INTO `goodsinfo` VALUES ('99', '26', '易好丝语真丝睡衣', '999', '9', '1', '1', '0', 'upload/1332592802875.jpg', '商品介绍：古语称：“不觅仙方觅睡方”。英国大戏剧家莎士比亚也将睡眠誉为“生命筵席上的滋补品”。世界卫生组织则将“睡得香”定为衡量人体健康的标准之一。真丝睡衣不仅易干、吸湿、散热性能好，对皮肤也有一定的按摩作用，能增强表皮细胞的活力，并减少微生物在皮肤上滋生的机会，有一定的保健作用。“易好丝语”品牌系列产品设计上选择了淡雅和轻浅的色彩，既合适家庭穿着又有安目宁神的作用；材质上选择了上等天然蚕丝面料，轻薄柔软，其爽滑质感易于安然入眠。', '9', '2014-4-2 20:00:00', '1', '1');
INSERT INTO `goodsinfo` VALUES ('100', '32', '99叫爱疯吧', '59', '10', '1', '1', '0', 'upload/1332636928000.jpg', '这个无图片随便来一个吧 59一个IPHONE赚了啊\r\n名称未做截短？好像有啊，我看一下字数', '500', '2014-4-2 20:00:00', null, '0');
INSERT INTO `goodsinfo` VALUES ('101', '33', '叫爱疯4吧', '59', '10', '1', '1', '0', 'upload/1332637161562.jpg', '忘记描述是什么了', '500', '2014-4-2 20:00:00', null, '0');
INSERT INTO `goodsinfo` VALUES ('102', '33', '我们也卖手机啊不过很山寨', '200', '10', '0', '0', '0', 'upload/1332638211328.jpg', '小米手机是两燕昭王求士', '500', '2014-4-2 20:00:00', '8', '0');
INSERT INTO `goodsinfo` VALUES ('103', '32', '11111111111', '1', '1', '1', '1', '0', 'upload/1334236753500.jpg', '111111', '1', '2014-4-2 20:00:00', '1', '1');
INSERT INTO `goodsinfo` VALUES ('104', '31', '88保温杯', '55', '5', '1', '1', '0', 'upload/1332592625265.jpg', '产品简介：时尚个性、轻巧灵便、密闭性好，款式多样。', null, '2014-4-2 20:00:00', null, '0');
INSERT INTO `goodsinfo` VALUES ('146', '32', '我要发布一个IPAD', '3600', '9.9', '0', '0', '0', 'upload/1390824564042.jpg', '我要发布一个IPAD', '98', '2014-01-27 20:09:31', '9', '0');
INSERT INTO `goodsinfo` VALUES ('147', '28', '3', '3', '3', '1', '1', '0', null, '3', '3', '2015-05-14 17:53:24', null, '0');
INSERT INTO `goodsinfo` VALUES ('148', '36', '33333', '3', '3', '1', '1', '0', 'upload/1431597229633.jpg', '333', '3', '2015-05-14 17:53:52', null, '0');

-- ----------------------------
-- Table structure for goodstype
-- ----------------------------
DROP TABLE IF EXISTS `goodstype`;
CREATE TABLE `goodstype` (
  `typeId` int(11) NOT NULL auto_increment,
  `typeName` longtext,
  PRIMARY KEY  (`typeId`)
) ENGINE=InnoDB AUTO_INCREMENT=22 DEFAULT CHARSET=utf8;

-- ----------------------------
-- Records of goodstype
-- ----------------------------
INSERT INTO `goodstype` VALUES ('17', '电子产品');
INSERT INTO `goodstype` VALUES ('16', '日用产品');
INSERT INTO `goodstype` VALUES ('21', '衣服');

-- ----------------------------
-- Table structure for goodstypedetailinfo
-- ----------------------------
DROP TABLE IF EXISTS `goodstypedetailinfo`;
CREATE TABLE `goodstypedetailinfo` (
  `Id` int(11) NOT NULL auto_increment,
  `typeId` longtext,
  `typeDetailInfo` longtext,
  PRIMARY KEY  (`Id`)
) ENGINE=InnoDB AUTO_INCREMENT=37 DEFAULT CHARSET=utf8;

-- ----------------------------
-- Records of goodstypedetailinfo
-- ----------------------------
INSERT INTO `goodstypedetailinfo` VALUES ('25', '9', '87878787');
INSERT INTO `goodstypedetailinfo` VALUES ('26', '16', '个人饰品');
INSERT INTO `goodstypedetailinfo` VALUES ('28', '16', '文体用品');
INSERT INTO `goodstypedetailinfo` VALUES ('29', '16', '茶叶');
INSERT INTO `goodstypedetailinfo` VALUES ('30', '16', '玩具');
INSERT INTO `goodstypedetailinfo` VALUES ('31', '16', '礼品');
INSERT INTO `goodstypedetailinfo` VALUES ('32', '17', 'PAD');
INSERT INTO `goodstypedetailinfo` VALUES ('33', '17', '手机');
INSERT INTO `goodstypedetailinfo` VALUES ('35', '17', '游戏机');
INSERT INTO `goodstypedetailinfo` VALUES ('36', '21', '女装');

-- ----------------------------
-- Table structure for orderdetailinfo
-- ----------------------------
DROP TABLE IF EXISTS `orderdetailinfo`;
CREATE TABLE `orderdetailinfo` (
  `id` int(11) NOT NULL auto_increment,
  `orderId` int(11) default NULL,
  `remark` longtext,
  `addTime` longtext,
  PRIMARY KEY  (`id`)
) ENGINE=InnoDB AUTO_INCREMENT=20 DEFAULT CHARSET=utf8;

-- ----------------------------
-- Records of orderdetailinfo
-- ----------------------------
INSERT INTO `orderdetailinfo` VALUES ('4', '3', '5555', '2014-4-4 20:30:00');
INSERT INTO `orderdetailinfo` VALUES ('5', '3', '5555', '2014-4-4 20:30:00');
INSERT INTO `orderdetailinfo` VALUES ('7', '4', '9879878787', '2014-4-4 20:30:00');
INSERT INTO `orderdetailinfo` VALUES ('9', '3', '897789879', '2014-4-4 20:30:00');
INSERT INTO `orderdetailinfo` VALUES ('12', '8', '545454', '2014-4-4 20:30:00');
INSERT INTO `orderdetailinfo` VALUES ('13', '12', '订单确认，安排配送', '2014-4-4 20:30:00');
INSERT INTO `orderdetailinfo` VALUES ('14', '12', '顺风承运', '2014-4-4 20:30:00');
INSERT INTO `orderdetailinfo` VALUES ('15', '12', '客户本人签收', '2014-4-4 20:30:00');
INSERT INTO `orderdetailinfo` VALUES ('16', '12', '操作信息添加', '2014-4-4 20:30:00');
INSERT INTO `orderdetailinfo` VALUES ('17', '15', '测试第三方物流信息', '2014-4-4 20:30:00');
INSERT INTO `orderdetailinfo` VALUES ('18', '20', '快递揽收', '2014-01-27 20:13:32');
INSERT INTO `orderdetailinfo` VALUES ('19', '20', '北京到站,客户签收', '2014-01-28 20:13:53');

-- ----------------------------
-- Table structure for ordergoodsinfo
-- ----------------------------
DROP TABLE IF EXISTS `ordergoodsinfo`;
CREATE TABLE `ordergoodsinfo` (
  `orderId` int(11) NOT NULL,
  `goodsId` int(11) default NULL,
  `quantity` int(11) default NULL,
  `status` int(11) default NULL
) ENGINE=InnoDB DEFAULT CHARSET=utf8;

-- ----------------------------
-- Records of ordergoodsinfo
-- ----------------------------
INSERT INTO `ordergoodsinfo` VALUES ('12', '95', '7', '100');
INSERT INTO `ordergoodsinfo` VALUES ('13', '102', '1', '101');
INSERT INTO `ordergoodsinfo` VALUES ('14', '99', '2', '0');
INSERT INTO `ordergoodsinfo` VALUES ('15', '102', '2', '0');
INSERT INTO `ordergoodsinfo` VALUES ('16', '99', '1', '0');
INSERT INTO `ordergoodsinfo` VALUES ('17', '103', '1', '101');
INSERT INTO `ordergoodsinfo` VALUES ('18', '96', '1', '0');
INSERT INTO `ordergoodsinfo` VALUES ('19', '96', '1', '0');
INSERT INTO `ordergoodsinfo` VALUES ('19', '99', '1', '0');
INSERT INTO `ordergoodsinfo` VALUES ('20', '146', '2', '100');

-- ----------------------------
-- Table structure for orderinfo
-- ----------------------------
DROP TABLE IF EXISTS `orderinfo`;
CREATE TABLE `orderinfo` (
  `orderId` int(11) NOT NULL auto_increment,
  `customerId` int(11) default NULL,
  `status` int(11) default NULL,
  `orderTime` longtext,
  PRIMARY KEY  (`orderId`)
) ENGINE=InnoDB AUTO_INCREMENT=21 DEFAULT CHARSET=utf8;

-- ----------------------------
-- Records of orderinfo
-- ----------------------------
INSERT INTO `orderinfo` VALUES ('12', '4', '100', '2014-4-6 20:00:00');
INSERT INTO `orderinfo` VALUES ('13', '4', '101', '2014-4-6 20:00:00');
INSERT INTO `orderinfo` VALUES ('14', '4', '0', '2014-4-6 20:00:00');
INSERT INTO `orderinfo` VALUES ('15', '4', '0', '2014-4-6 20:00:00');
INSERT INTO `orderinfo` VALUES ('16', '4', '0', '2014-4-6 20:00:00');
INSERT INTO `orderinfo` VALUES ('17', '2', '101', '2014-4-6 20:00:00');
INSERT INTO `orderinfo` VALUES ('18', '5', '0', '2014-4-6 20:00:00');
INSERT INTO `orderinfo` VALUES ('19', '5', '0', '2014-4-6 20:00:00');
INSERT INTO `orderinfo` VALUES ('20', '6', '100', '2014-01-27 20:12:11');

-- ----------------------------
-- Table structure for serviceassessment
-- ----------------------------
DROP TABLE IF EXISTS `serviceassessment`;
CREATE TABLE `serviceassessment` (
  `id` int(11) NOT NULL auto_increment,
  `customerId` int(11) default NULL,
  `serviceAssessment` longtext,
  `assessmentTime` longtext,
  `orderid` int(11) default NULL,
  PRIMARY KEY  (`id`)
) ENGINE=InnoDB AUTO_INCREMENT=7 DEFAULT CHARSET=utf8;

-- ----------------------------
-- Records of serviceassessment
-- ----------------------------
INSERT INTO `serviceassessment` VALUES ('3', '5', '评价测试', '2014-4-9 20:00:00', '18');
INSERT INTO `serviceassessment` VALUES ('5', '2', '878787', '2014-01-27 20:01:26', '17');
INSERT INTO `serviceassessment` VALUES ('6', '6', '卖家很好', '2014-01-27 20:14:42', '20');

-- ----------------------------
-- Table structure for thirdinfo
-- ----------------------------
DROP TABLE IF EXISTS `thirdinfo`;
CREATE TABLE `thirdinfo` (
  `id` int(11) NOT NULL auto_increment,
  `email` longtext,
  `pwd` longtext,
  `thirdname` longtext,
  `registerTime` longtext,
  `isCooled` int(11) default NULL,
  `phone` longtext,
  `address` longtext,
  PRIMARY KEY  (`id`)
) ENGINE=InnoDB AUTO_INCREMENT=10 DEFAULT CHARSET=utf8;

-- ----------------------------
-- Records of thirdinfo
-- ----------------------------
INSERT INTO `thirdinfo` VALUES ('1', '123456@163j.com', '123456', '北京第三公司', '2014-4-7 20:00:00', '0', '22228558899', '222995599999');
INSERT INTO `thirdinfo` VALUES ('2', '123456@1631.com', '111111', '167611', '2014-4-7 20:00:00', '0', '1111', '111111');
INSERT INTO `thirdinfo` VALUES ('4', 'sfsdf@163.com', '444444', '444498776544', '2014-4-7 20:00:00', '1', '444444', '44444');
INSERT INTO `thirdinfo` VALUES ('5', 'sfsdf11@163.com', '111111', '4444899844', '2014-4-7 20:00:00', '1', '444444', '44444');
INSERT INTO `thirdinfo` VALUES ('6', '1234561111@163.com', '111111', '117676111', '2014-4-7 20:00:00', '1', '1111', '11111');
INSERT INTO `thirdinfo` VALUES ('7', '111111@sf.com', '111111', '11767712', '2014-4-7 20:00:00', '1', '22', '222');
INSERT INTO `thirdinfo` VALUES ('8', '99999@163.com', '123456', '小米手机专营', '2014-4-7 20:00:00', '0', '13199999999', '山苯小区');
INSERT INTO `thirdinfo` VALUES ('9', '9999@163.com', '123456', '手机上海总代理', '2014-01-27 20:06:38', '0', '0216898889', '上海四川路6号');

-- ----------------------------
-- Table structure for userinfo
-- ----------------------------
DROP TABLE IF EXISTS `userinfo`;
CREATE TABLE `userinfo` (
  `id` int(11) NOT NULL auto_increment,
  `userName` longtext,
  `userPwd` longtext,
  `role` int(11) default NULL,
  PRIMARY KEY  (`id`)
) ENGINE=InnoDB AUTO_INCREMENT=6 DEFAULT CHARSET=utf8;

-- ----------------------------
-- Records of userinfo
-- ----------------------------
INSERT INTO `userinfo` VALUES ('1', 'admin', '123456', '0');
INSERT INTO `userinfo` VALUES ('4', 'czy', '123456', '1');
INSERT INTO `userinfo` VALUES ('5', 'testczy', '123456', '1');
